driver_id,driver_name,driver_experience,license_number
1,Muhammad Ahmed,42.0,b76c97e7-f
2,Ali Hassan,10.0,ffba8d24-2
3,Kamran Siddiqui,42.0,0f2ecd15-8
4,Bilal Iqbal,43.0,bd1c6771-6
5,Usman Malik,41.0,a3f98c47-1
6,Farhan Ahmed,15.0,7a4a9952-8
7,Imran Raza,30.0,30ce16ac-e
8,Asif Iqbal,4.0,85e4e983-1
9,Zubair Sheikh,25.0,bd555a70-1
10,Adnan Khan,2.0,5c2817ed-7
11,Shoaib Akhtar,20.0,95e715c2-e
12,Tariq Mehmood,40.0,f2b848bc-9
13,Noman Ahmed,17.0,b004edb6-0
14,Salman Ahmed,23.0,cb00f957-e
15,Waqar Hussain,33.0,95f3492d-3
16,Rashid Ali,13.0,f0467c8c-6
17,Faisal Iqbal,21.0,3cff43a5-1
18,Arsalan Ahmed,50.0,77a38a64-3
19,Sajid Malik,34.0,ac4485be-f
20,Rehan Khan,34.0,4bd21be2-a
21,Zeeshan Haider,44.0,d58abe0a-f
22,Shahid Afridi,30.0,f1a30311-d
23,Ibrahim Ali,28.0,64a7082a-a
24,Saeed Anwar,14.0,aec77752-7
25,Nasir Jamshed,36.0,e641f9dc-d
26,Haris Sohail,44.0,7a577a00-1
27,Azhar Ali,1.0,3a724c00-d
28,Sarfaraz Ahmed,39.0,e0986973-2
29,Saad Khan,9.0,d7b4d8f0-c
30,Shaheen Shah,39.0,8287c5c6-0
31,Hassan Ali,48.0,786ba4e6-0
32,Mohammad Amir,10.0,7f970c98-e
33,Wahab Riaz,46.0,7fbdf996-1
34,Imad Wasim,40.0,5872bb41-f
35,Shadab Khan,10.0,0aa5a452-a
36,Faheem Ashraf,28.0,420b734d-6
37,Mohammad Nawaz,26.0,eaf75f1e-1
38,Asif Ali,47.0,f1f8beae-8
39,Haider Ali,26.0,e7e029bc-2
40,Khushdil Shah,6.0,0be5ba57-0
41,Iftikhar Ahmed,13.0,8fcc3284-6
42,Usman Qadir,15.0,f98c3b30-9
43,Mohammad Hasnain,15.0,e22bfa78-d
44,Mohammad Rizwan,13.0,756a179c-2
45,Fakhar Zaman,29.0,491220bb-f
46,Abid Ali,41.0,0c1e67d9-4
47,Abdullah Shafique,1.0,81aa0ede-9
48,Azam Khan,6.0,6d50bc74-1
49,Sahibzada Farhan,15.0,c37e0c5e-f
50,Shan Masood,15.0,4c0fabd5-0
51,Rizwan Ali,11.0,754a4bc5-b
52,Shahzad Younus,8.0,f4ad45db-3
53,Moin Khan,39.0,d93dd938-5
54,Anwar Ali,42.0,5d1978e0-3
55,Sohail Tanvir,42.0,70ce5cff-b
56,Yasir Shah,14.0,60b625e9-2
57,Mohammad Hafeez,5.0,1a28337c-7
58,Shoaib Malik,17.0,2cc78ed9-1
59,Misbah-ul-Haq,4.0,e0e5ebf7-d
60,Younis Khan,29.0,236ab78e-a
61,Inzamam-ul-Haq,21.0,d2ed2d61-c
62,Wasim Akram,15.0,b57115ae-0
63,Waqar Younis,8.0,61a707ce-e
64,Saeed Ajmal,44.0,2012e305-c
65,Abdul Razzaq,24.0,d7113504-c
66,Shahid Khan Afridi,27.0,d38fac59-e
67,Mohammad Yousuf,16.0,9b7ec0e8-1
68,Azhar Mahmood,49.0,a276c7f9-f
69,Mushtaq Ahmed,7.0,4b543ff3-3
70,Saqlain Mushtaq,19.0,36a4714e-7
71,Aamer Sohail,24.0,df044a2e-d
72,Ramiz Raja,42.0,14428c16-7
73,Mohammad Sami,12.0,8dfdf6ac-9
74,Umar Gul,8.0,9d5c6cab-b
75,Sohail Manzoor,39.0,6a047bd4-2
76,Imran Khan,1.0,c9430198-9
77,Javed Miandad,22.0,0ab8e971-1
78,Ijaz Ahmed,18.0,d47d5327-b
79,Salim Malik,24.0,7dd02305-7
80,Basit Ali,38.0,a7283466-d
81,Aqib Javed,37.0,3bcde25b-6
82,Moin Ali,34.0,bfb05071-9
83,Asad Shafiq,32.0,40fa6162-f
84,Fawad Alam,14.0,78cba6ce-a
85,Sarfraz Nawaz,44.0,c3d02900-c
86,Mansoor Akhtar,19.0,71e996b8-0
87,Taufeeq Umar,44.0,8e6ad9eb-3
88,Nasim Ashraf,5.0,ccde1f59-f
89,Atiq-uz-Zaman,42.0,37adbf45-1
90,Rashid Latif,27.0,7d11b284-1
91,Mohammad Zahid,36.0,96b34458-d
92,Azamullah Khan,10.0,029e5f8a-4
93,Shakeel Ahmed,10.0,2ac75a6c-8
94,Kabir Khan,13.0,fa7b3898-d
95,Arshad Khan,38.0,56107cd2-f
96,Zahid Fazal,15.0,c8fd170b-9
97,Nadeem Munir,16.0,648f6ac5-6
98,Arif Butt,31.0,1a66f743-7
99,Khalid Mahmood,28.0,d99e7d78-6
100,Shahid Mahboob,40.0,c12b6fe9-4
101,Ahmed Raza,30.0,cfb9e6ff-8
102,Imtiaz Ahmed,35.0,075457ee-4
103,Kamal Ahmed,1.0,1217c274-0
104,Naveed Khan,46.0,f76ee226-3
105,Sajjad Khan,21.0,54c2a95d-6
106,Tahir Khan,11.0,6a855c16-8
107,Aslam Khan,27.0,3f0929b0-5
108,Qasim Khan,18.0,e955050b-8
109,Zahoor Khan,40.0,817f1409-9
110,Shafiq Ahmed,12.0,b4829fd3-e
111,Rafiq Khan,38.0,ef60ae04-1
112,Latif Khan,17.0,8d796115-4
113,Nasir Khan,16.0,c1d0abce-2
114,Yousuf Khan,34.0,6f2a22fa-6
115,Arshad Ali,39.0,b7ffe604-0
116,Iqbal Khan,34.0,717969d6-b
117,Shahid Zahir,37.0,f443a92d-8
118,Kashif Zaroon,29.0,da893e58-c
119,Amir Aziz,8.0,b73fb449-3
120,Sultan Khan,10.0,7ac267c4-e
121,Talha Khann,34.0,2625ed78-9
122,Aziz Khan,48.0,354bbe17-5
123,Khalid Khan,5.0,a767d0c1-8
124,Noman Khan,26.0,d13cdad5-c
125,Rehman Khan,28.0,a79278d1-9
126,Sabir Khan,11.0,26b01264-d
127,Tariq Zaid,29.0,4302509e-0
128,Nasrullah Khan,6.0,052d95de-d
129,Shahbaz Khan,17.0,dd350d76-f
130,Sarfaraz Khan,38.0,8dbe64a3-1
131,Ishtiaq Khan,6.0,924fd8d8-a
132,Majid Khan,14.0,0fffb6df-c
133,Anwar Khan,18.0,41fbb241-6
134,Rashid Khan,5.0,e8be96fa-e
135,Shakeel Khan,39.0,e512b896-1
136,Shahid Khan,37.0,e59c00fe-7
137,Shahzad Khan,43.0,d3cae76c-a
138,Sohail Khan,28.0,a313a9bc-8
139,Zahid Khan,39.0,71219ca0-2
140,Muhammad Aslam,33.0,16c11688-b
141,Kamran Khan,35.0,b473ac4a-1
142,Arif Khan,30.0,ce0fa0c7-b
143,Naeem Khan,19.0,52f4bd5b-9
144,Saeed Khan,26.0,9c5b733f-f
145,Zaheer Khan,6.0,abb94b5c-4
146,Irfan Khan,13.0,a65bcd1b-7
147,Shahrukh Khan,40.0,d6263f2f-a
148,Salman Khan,3.0,6a98ae40-4
149,Aamir Khan,41.0,5efe2950-4
150,Imran Nazir,4.0,c82c5e42-f
151,Adil Khan,26.0,1830cce6-2
152,Amjad Khan,19.0,047571d9-4
153,Asad Khan,27.0,d2dbe44d-5
154,Atif Khan,39.0,a48147ce-4
155,Azhar Khan,23.0,904fe56a-c
156,Babar Khan,6.0,464031ad-8
157,Badar Manzoor,28.0,78caa806-2
158,Bilal Zahid,31.0,ab944c4b-1
159,Danish Khan,44.0,b5600de1-0
160,Farhan Khan,47.0,57a26c41-4
161,Faisal Khan,15.0,1f1e4d57-4
162,Ghulam Khan,10.0,72d904be-6
163,Hamid Khan,42.0,c65d938c-3
164,Haroon Khan,6.0,b1c56bb7-7
165,Hassan Khan,18.0,9f648e3e-7
166,Hussain Khan,49.0,92fd91f2-9
167,Ibrahim Khan,38.0,134b13c0-2
168,Javed Khan,13.0,c4ffa688-1
169,Kashif Khan,7.0,c8c669e2-8
170,Khalil Khan,1.0,5d7b1265-c
171,Mahmood Khan,39.0,c6ba6b96-0
172,Mansoor Khan,50.0,b9d18f1e-9
173,Mustafa Khan,17.0,23e33ab7-4
174,Nadeem Khan,50.0,2b00bd3a-b
175,Najam Khan,10.0,5d3913c7-9
176,Nawaz Khan,28.0,1f55da80-3
177,Omar Khan,32.0,8b16c076-4
178,Qasim Ahmed,37.0,b03c3e70-8
179,Rafiq Somro,2.0,57a05449-e
180,Rashid Alvi,35.0,26a72b37-e
181,Sajid Khan,18.0,6f3280de-7
182,Samir Khan,32.0,d9bc911e-4
183,Shahid Zahoor,8.0,e7d176ea-d
184,Tahir Ahmed,33.0,2d46b5b5-b
185,Tariq Khan,31.0,555673c6-b
186,Usman Khan,48.0,a663816b-9
187,Waqar Khan,35.0,00969dc1-8
188,Yasir Khan,24.0,90bdb24f-7
189,Zahid Daad,39.0,baddeb59-4
190,Zubair Khan,26.0,9d788882-2
191,Abdul Khan,20.0,e752617d-6
192,Ahmed Khan,15.0,3e2f52e4-7
193,Akbar Khan,40.0,b9ed1319-2
194,Alam Khan,38.0,54f63e32-f
195,Amir Khan,37.0,83bbdf7b-4
196,Asif Khan,20.0,7cc38697-2
197,Azam Aamer,1.0,92dc03dc-b
198,Badar Khan,32.0,943785b2-6
199,Bilal Khan,28.0,72f8bb82-b
200,Dawood Khan,50.0,16ccf776-6
